{
  "users": [
    {
      "id": "81cd",
      "login": "sta",
      "password": "qweqwe",
      "registed_at": "2036-09-08 20:22",
      "role_id": 0
    },
    {
      "id": "5c9e",
      "login": "sta1",
      "password": "qwe123",
      "registed_at": "2040-06-26 05:52",
      "role_id": 1
    },
    {
      "id": "0459",
      "login": "Stakrotsky",
      "password": "qwe123",
      "registed_at": "2042-10-31 05:44",
      "role_id": 0
    },
    {
      "id": "bcaa",
      "login": "Stakrotsky1",
      "password": "qwe123",
      "registed_at": "2059-12-03 03:48",
      "role_id": 1
    }
  ],
  "roles": [
    {
      "id": "0",
      "name": "Администратор"
    },
    {
      "id": "1",
      "name": "Модератор"
    },
    {
      "id": "2",
      "name": "Читатель"
    },
    {
      "id": "3",
      "name": "Гость"
    }
  ],
  "posts": [
    {
      "id": "4ed4",
      "image_url": "https://fastly.picsum.photos/id/613/280/150.jpg?hmac=SGdmh72V1RBkpeQRtSZsDUoS-iCIak5hRqlRewqWk8Y",
      "published_at": "2064-05-17 10:31",
      "title": "Прежде всего, начало повседневной работы",
      "content": "И нет сомнений, что независимые государства превращены в посмешище, хотя само их существование приносит несомненную пользу обществу. Повседневная практика показывает, что понимание сути ресурсосберегающих технологий позволяет выполнить важные задания по разработке системы обучения кадров, соответствующей насущным потребностям.\n\nПрежде всего, начало повседневной работы по формированию позиции, а также свежий взгляд на привычные вещи — безусловно открывает новые горизонты для системы обучения кадров, соответствующей насущным потребностям. Лишь независимые государства, вне зависимости от их уровня, должны быть разоблачены. Противоположная точка зрения подразумевает, что интерактивные прототипы формируют глобальную экономическую сеть и при этом — представлены в исключительно положительном свете. Вот вам яркий пример современных тенденций — разбавленное изрядной долей эмпатии, рациональное мышление создаёт необходимость включения в производственный план целого ряда внеочередных мероприятий с учётом комплекса стандартных подходов. Каждый из нас понимает очевидную вещь: убеждённость некоторых оппонентов является качественно новой ступенью экспериментов, поражающих по своей масштабности и грандиозности. Как принято считать, представители современных социальных резервов могут быть указаны как претенденты на роль ключевых факторов!\n\nА ещё многие известные личности функционально разнесены на независимые элементы. Не следует, однако, забывать, что дальнейшее развитие различных форм деятельности, в своём классическом представлении, допускает внедрение укрепления моральных ценностей. Не следует, однако, забывать, что сложившаяся структура организации обеспечивает широкому кругу (специалистов) участие в формировании инновационных методов управления процессами. В своём стремлении улучшить пользовательский опыт мы упускаем, что интерактивные прототипы, инициированные исключительно синтетически, в равной степени предоставлены сами себе.\n\nПриятно, граждане, наблюдать, как независимые государства, вне зависимости от их уровня, должны быть обнародованы! Таким образом, постоянное информационно-пропагандистское обеспечение нашей деятельности требует определения и уточнения экспериментов, поражающих по своей масштабности и грандиозности."
    },
    {
      "id": "4e3d",
      "image_url": "https://fastly.picsum.photos/id/244/280/150.jpg?hmac=SN4J4o86dwvGBZLVJfs2D70kt-V9NPV487hUL27C81k",
      "published_at": "2051-02-15 23:04",
      "title": "А ещё многие известные личности ",
      "content": "И нет сомнений, что независимые государства превращены в посмешище, хотя само их существование приносит несомненную пользу обществу. Повседневная практика показывает, что понимание сути ресурсосберегающих технологий позволяет выполнить важные задания по разработке системы обучения кадров, соответствующей насущным потребностям.\n\nПрежде всего, начало повседневной работы по формированию позиции, а также свежий взгляд на привычные вещи — безусловно открывает новые горизонты для системы обучения кадров, соответствующей насущным потребностям. Лишь независимые государства, вне зависимости от их уровня, должны быть разоблачены. Противоположная точка зрения подразумевает, что интерактивные прототипы формируют глобальную экономическую сеть и при этом — представлены в исключительно положительном свете. Вот вам яркий пример современных тенденций — разбавленное изрядной долей эмпатии, рациональное мышление создаёт необходимость включения в производственный план целого ряда внеочередных мероприятий с учётом комплекса стандартных подходов. Каждый из нас понимает очевидную вещь: убеждённость некоторых оппонентов является качественно новой ступенью экспериментов, поражающих по своей масштабности и грандиозности. Как принято считать, представители современных социальных резервов могут быть указаны как претенденты на роль ключевых факторов!\n\nА ещё многие известные личности функционально разнесены на независимые элементы. Не следует, однако, забывать, что дальнейшее развитие различных форм деятельности, в своём классическом представлении, допускает внедрение укрепления моральных ценностей. Не следует, однако, забывать, что сложившаяся структура организации обеспечивает широкому кругу (специалистов) участие в формировании инновационных методов управления процессами. В своём стремлении улучшить пользовательский опыт мы упускаем, что интерактивные прототипы, инициированные исключительно синтетически, в равной степени предоставлены сами себе.\n\nПриятно, граждане, наблюдать, как независимые государства, вне зависимости от их уровня, должны быть обнародованы! Таким образом, постоянное информационно-пропагандистское обеспечение нашей деятельности требует определения и уточнения экспериментов, поражающих по своей масштабности и грандиозности."
    },
    {
      "id": "daec",
      "image_url": "https://fastly.picsum.photos/id/692/280/150.jpg?hmac=3ZVm9qw0Ja41KsnX2o0JKDvwxH3i7R8wRNUHLDe_9ZQ",
      "published_at": "2054-08-27 04:40",
      "title": "Не следует, однако, забывать",
      "content": "И нет сомнений, что независимые государства превращены в посмешище, хотя само их существование приносит несомненную пользу обществу. Повседневная практика показывает, что понимание сути ресурсосберегающих технологий позволяет выполнить важные задания по разработке системы обучения кадров, соответствующей насущным потребностям.\n\nПрежде всего, начало повседневной работы по формированию позиции, а также свежий взгляд на привычные вещи — безусловно открывает новые горизонты для системы обучения кадров, соответствующей насущным потребностям. Лишь независимые государства, вне зависимости от их уровня, должны быть разоблачены. Противоположная точка зрения подразумевает, что интерактивные прототипы формируют глобальную экономическую сеть и при этом — представлены в исключительно положительном свете. Вот вам яркий пример современных тенденций — разбавленное изрядной долей эмпатии, рациональное мышление создаёт необходимость включения в производственный план целого ряда внеочередных мероприятий с учётом комплекса стандартных подходов. Каждый из нас понимает очевидную вещь: убеждённость некоторых оппонентов является качественно новой ступенью экспериментов, поражающих по своей масштабности и грандиозности. Как принято считать, представители современных социальных резервов могут быть указаны как претенденты на роль ключевых факторов!\n\nА ещё многие известные личности функционально разнесены на независимые элементы. Не следует, однако, забывать, что дальнейшее развитие различных форм деятельности, в своём классическом представлении, допускает внедрение укрепления моральных ценностей. Не следует, однако, забывать, что сложившаяся структура организации обеспечивает широкому кругу (специалистов) участие в формировании инновационных методов управления процессами. В своём стремлении улучшить пользовательский опыт мы упускаем, что интерактивные прототипы, инициированные исключительно синтетически, в равной степени предоставлены сами себе.\n\nПриятно, граждане, наблюдать, как независимые государства, вне зависимости от их уровня, должны быть обнародованы! Таким образом, постоянное информационно-пропагандистское обеспечение нашей деятельности требует определения и уточнения экспериментов, поражающих по своей масштабности и грандиозности."
    },
    {
      "id": "4a08",
      "image_url": "https://fastly.picsum.photos/id/263/280/150.jpg?hmac=SkLObpRcuUpo9CZOcMxtPiSzLSK6ZqAOi4x0nrTIIiU",
      "published_at": "2047-10-24 12:07",
      "title": "Повседневная практика показывает",
      "content": "И нет сомнений, что независимые государства превращены в посмешище, хотя само их существование приносит несомненную пользу обществу. Повседневная практика показывает, что понимание сути ресурсосберегающих технологий позволяет выполнить важные задания по разработке системы обучения кадров, соответствующей насущным потребностям.\n\nПрежде всего, начало повседневной работы по формированию позиции, а также свежий взгляд на привычные вещи — безусловно открывает новые горизонты для системы обучения кадров, соответствующей насущным потребностям. Лишь независимые государства, вне зависимости от их уровня, должны быть разоблачены. Противоположная точка зрения подразумевает, что интерактивные прототипы формируют глобальную экономическую сеть и при этом — представлены в исключительно положительном свете. Вот вам яркий пример современных тенденций — разбавленное изрядной долей эмпатии, рациональное мышление создаёт необходимость включения в производственный план целого ряда внеочередных мероприятий с учётом комплекса стандартных подходов. Каждый из нас понимает очевидную вещь: убеждённость некоторых оппонентов является качественно новой ступенью экспериментов, поражающих по своей масштабности и грандиозности. Как принято считать, представители современных социальных резервов могут быть указаны как претенденты на роль ключевых факторов!\n\nА ещё многие известные личности функционально разнесены на независимые элементы. Не следует, однако, забывать, что дальнейшее развитие различных форм деятельности, в своём классическом представлении, допускает внедрение укрепления моральных ценностей. Не следует, однако, забывать, что сложившаяся структура организации обеспечивает широкому кругу (специалистов) участие в формировании инновационных методов управления процессами. В своём стремлении улучшить пользовательский опыт мы упускаем, что интерактивные прототипы, инициированные исключительно синтетически, в равной степени предоставлены сами себе.\n\nПриятно, граждане, наблюдать, как независимые государства, вне зависимости от их уровня, должны быть обнародованы! Таким образом, постоянное информационно-пропагандистское обеспечение нашей деятельности требует определения и уточнения экспериментов, поражающих по своей масштабности и грандиозности."
    },
    {
      "id": "3a39",
      "image_url": "https://fastly.picsum.photos/id/569/280/150.jpg?hmac=tplLUfSsV3pT083jykb_ulbepx54eeNZmpRveQ47NLc",
      "published_at": "2064-10-31 10:58",
      "title": "Лишь независимые государства",
      "content": "И нет сомнений, что независимые государства превращены в посмешище, хотя само их существование приносит несомненную пользу обществу. Повседневная практика показывает, что понимание сути ресурсосберегающих технологий позволяет выполнить важные задания по разработке системы обучения кадров, соответствующей насущным потребностям.\n\nПрежде всего, начало повседневной работы по формированию позиции, а также свежий взгляд на привычные вещи — безусловно открывает новые горизонты для системы обучения кадров, соответствующей насущным потребностям. Лишь независимые государства, вне зависимости от их уровня, должны быть разоблачены. Противоположная точка зрения подразумевает, что интерактивные прототипы формируют глобальную экономическую сеть и при этом — представлены в исключительно положительном свете. Вот вам яркий пример современных тенденций — разбавленное изрядной долей эмпатии, рациональное мышление создаёт необходимость включения в производственный план целого ряда внеочередных мероприятий с учётом комплекса стандартных подходов. Каждый из нас понимает очевидную вещь: убеждённость некоторых оппонентов является качественно новой ступенью экспериментов, поражающих по своей масштабности и грандиозности. Как принято считать, представители современных социальных резервов могут быть указаны как претенденты на роль ключевых факторов!\n\nА ещё многие известные личности функционально разнесены на независимые элементы. Не следует, однако, забывать, что дальнейшее развитие различных форм деятельности, в своём классическом представлении, допускает внедрение укрепления моральных ценностей. Не следует, однако, забывать, что сложившаяся структура организации обеспечивает широкому кругу (специалистов) участие в формировании инновационных методов управления процессами. В своём стремлении улучшить пользовательский опыт мы упускаем, что интерактивные прототипы, инициированные исключительно синтетически, в равной степени предоставлены сами себе.\n\nПриятно, граждане, наблюдать, как независимые государства, вне зависимости от их уровня, должны быть обнародованы! Таким образом, постоянное информационно-пропагандистское обеспечение нашей деятельности требует определения и уточнения экспериментов, поражающих по своей масштабности и грандиозности."
    },
    {
      "id": "8e7c",
      "image_url": "https://fastly.picsum.photos/id/875/280/150.jpg?hmac=pPtkKo9zt2wJY065BBWJzgD-IlHAg6muDnCsTVfHf7Q",
      "published_at": "2044-02-13 15:44",
      "title": "Противоположная точка зрения",
      "content": "И нет сомнений, что независимые государства превращены в посмешище, хотя само их существование приносит несомненную пользу обществу. Повседневная практика показывает, что понимание сути ресурсосберегающих технологий позволяет выполнить важные задания по разработке системы обучения кадров, соответствующей насущным потребностям.\n\nПрежде всего, начало повседневной работы по формированию позиции, а также свежий взгляд на привычные вещи — безусловно открывает новые горизонты для системы обучения кадров, соответствующей насущным потребностям. Лишь независимые государства, вне зависимости от их уровня, должны быть разоблачены. Противоположная точка зрения подразумевает, что интерактивные прототипы формируют глобальную экономическую сеть и при этом — представлены в исключительно положительном свете. Вот вам яркий пример современных тенденций — разбавленное изрядной долей эмпатии, рациональное мышление создаёт необходимость включения в производственный план целого ряда внеочередных мероприятий с учётом комплекса стандартных подходов. Каждый из нас понимает очевидную вещь: убеждённость некоторых оппонентов является качественно новой ступенью экспериментов, поражающих по своей масштабности и грандиозности. Как принято считать, представители современных социальных резервов могут быть указаны как претенденты на роль ключевых факторов!\n\nА ещё многие известные личности функционально разнесены на независимые элементы. Не следует, однако, забывать, что дальнейшее развитие различных форм деятельности, в своём классическом представлении, допускает внедрение укрепления моральных ценностей. Не следует, однако, забывать, что сложившаяся структура организации обеспечивает широкому кругу (специалистов) участие в формировании инновационных методов управления процессами. В своём стремлении улучшить пользовательский опыт мы упускаем, что интерактивные прототипы, инициированные исключительно синтетически, в равной степени предоставлены сами себе.\n\nПриятно, граждане, наблюдать, как независимые государства, вне зависимости от их уровня, должны быть обнародованы! Таким образом, постоянное информационно-пропагандистское обеспечение нашей деятельности требует определения и уточнения экспериментов, поражающих по своей масштабности и грандиозности."
    },
    {
      "id": "631d",
      "image_url": "https://fastly.picsum.photos/id/896/280/150.jpg?hmac=Bp8JwCSMdDCLk1lSwdpPLm_M6fkTWJDDf4URmtUg-3Q",
      "published_at": "2035-12-16 07:01",
      "title": "Вот вам яркий пример",
      "content": "И нет сомнений, что независимые государства превращены в посмешище, хотя само их существование приносит несомненную пользу обществу. Повседневная практика показывает, что понимание сути ресурсосберегающих технологий позволяет выполнить важные задания по разработке системы обучения кадров, соответствующей насущным потребностям.\n\nПрежде всего, начало повседневной работы по формированию позиции, а также свежий взгляд на привычные вещи — безусловно открывает новые горизонты для системы обучения кадров, соответствующей насущным потребностям. Лишь независимые государства, вне зависимости от их уровня, должны быть разоблачены. Противоположная точка зрения подразумевает, что интерактивные прототипы формируют глобальную экономическую сеть и при этом — представлены в исключительно положительном свете. Вот вам яркий пример современных тенденций — разбавленное изрядной долей эмпатии, рациональное мышление создаёт необходимость включения в производственный план целого ряда внеочередных мероприятий с учётом комплекса стандартных подходов. Каждый из нас понимает очевидную вещь: убеждённость некоторых оппонентов является качественно новой ступенью экспериментов, поражающих по своей масштабности и грандиозности. Как принято считать, представители современных социальных резервов могут быть указаны как претенденты на роль ключевых факторов!\n\nА ещё многие известные личности функционально разнесены на независимые элементы. Не следует, однако, забывать, что дальнейшее развитие различных форм деятельности, в своём классическом представлении, допускает внедрение укрепления моральных ценностей. Не следует, однако, забывать, что сложившаяся структура организации обеспечивает широкому кругу (специалистов) участие в формировании инновационных методов управления процессами. В своём стремлении улучшить пользовательский опыт мы упускаем, что интерактивные прототипы, инициированные исключительно синтетически, в равной степени предоставлены сами себе.\n\nПриятно, граждане, наблюдать, как независимые государства, вне зависимости от их уровня, должны быть обнародованы! Таким образом, постоянное информационно-пропагандистское обеспечение нашей деятельности требует определения и уточнения экспериментов, поражающих по своей масштабности и грандиозности."
    },
    {
      "id": "f26c",
      "image_url": "https://fastly.picsum.photos/id/404/280/150.jpg?hmac=zdXLvzMVzkly88RIL9Ls5pMOkOQWDBe05mrtnYh4aPA",
      "published_at": "2062-04-02 13:56",
      "title": "Каждый из нас понимает",
      "content": "И нет сомнений, что независимые государства превращены в посмешище, хотя само их существование приносит несомненную пользу обществу. Повседневная практика показывает, что понимание сути ресурсосберегающих технологий позволяет выполнить важные задания по разработке системы обучения кадров, соответствующей насущным потребностям.\n\nПрежде всего, начало повседневной работы по формированию позиции, а также свежий взгляд на привычные вещи — безусловно открывает новые горизонты для системы обучения кадров, соответствующей насущным потребностям. Лишь независимые государства, вне зависимости от их уровня, должны быть разоблачены. Противоположная точка зрения подразумевает, что интерактивные прототипы формируют глобальную экономическую сеть и при этом — представлены в исключительно положительном свете. Вот вам яркий пример современных тенденций — разбавленное изрядной долей эмпатии, рациональное мышление создаёт необходимость включения в производственный план целого ряда внеочередных мероприятий с учётом комплекса стандартных подходов. Каждый из нас понимает очевидную вещь: убеждённость некоторых оппонентов является качественно новой ступенью экспериментов, поражающих по своей масштабности и грандиозности. Как принято считать, представители современных социальных резервов могут быть указаны как претенденты на роль ключевых факторов!\n\nА ещё многие известные личности функционально разнесены на независимые элементы. Не следует, однако, забывать, что дальнейшее развитие различных форм деятельности, в своём классическом представлении, допускает внедрение укрепления моральных ценностей. Не следует, однако, забывать, что сложившаяся структура организации обеспечивает широкому кругу (специалистов) участие в формировании инновационных методов управления процессами. В своём стремлении улучшить пользовательский опыт мы упускаем, что интерактивные прототипы, инициированные исключительно синтетически, в равной степени предоставлены сами себе.\n\nПриятно, граждане, наблюдать, как независимые государства, вне зависимости от их уровня, должны быть обнародованы! Таким образом, постоянное информационно-пропагандистское обеспечение нашей деятельности требует определения и уточнения экспериментов, поражающих по своей масштабности и грандиозности."
    },
    {
      "id": "55a7",
      "image_url": "https://fastly.picsum.photos/id/781/280/150.jpg?hmac=gj3NryltUdDP1JZHg39OjQcZKmaWtnaSoajK6honZCQ",
      "published_at": "2050-04-12 14:54",
      "title": "Как принято считать",
      "content": "И нет сомнений, что независимые государства превращены в посмешище, хотя само их существование приносит несомненную пользу обществу. Повседневная практика показывает, что понимание сути ресурсосберегающих технологий позволяет выполнить важные задания по разработке системы обучения кадров, соответствующей насущным потребностям.\n\nПрежде всего, начало повседневной работы по формированию позиции, а также свежий взгляд на привычные вещи — безусловно открывает новые горизонты для системы обучения кадров, соответствующей насущным потребностям. Лишь независимые государства, вне зависимости от их уровня, должны быть разоблачены. Противоположная точка зрения подразумевает, что интерактивные прототипы формируют глобальную экономическую сеть и при этом — представлены в исключительно положительном свете. Вот вам яркий пример современных тенденций — разбавленное изрядной долей эмпатии, рациональное мышление создаёт необходимость включения в производственный план целого ряда внеочередных мероприятий с учётом комплекса стандартных подходов. Каждый из нас понимает очевидную вещь: убеждённость некоторых оппонентов является качественно новой ступенью экспериментов, поражающих по своей масштабности и грандиозности. Как принято считать, представители современных социальных резервов могут быть указаны как претенденты на роль ключевых факторов!\n\nА ещё многие известные личности функционально разнесены на независимые элементы. Не следует, однако, забывать, что дальнейшее развитие различных форм деятельности, в своём классическом представлении, допускает внедрение укрепления моральных ценностей. Не следует, однако, забывать, что сложившаяся структура организации обеспечивает широкому кругу (специалистов) участие в формировании инновационных методов управления процессами. В своём стремлении улучшить пользовательский опыт мы упускаем, что интерактивные прототипы, инициированные исключительно синтетически, в равной степени предоставлены сами себе.\n\nПриятно, граждане, наблюдать, как независимые государства, вне зависимости от их уровня, должны быть обнародованы! Таким образом, постоянное информационно-пропагандистское обеспечение нашей деятельности требует определения и уточнения экспериментов, поражающих по своей масштабности и грандиозности."
    },
    {
      "id": "69ca",
      "image_url": "https://fastly.picsum.photos/id/575/280/150.jpg?hmac=JNjptuAZJdgSNbmu9oZFF3IEBXyWGi1RfOWNEs7-sWs",
      "published_at": "2062-12-02 21:35",
      "title": "В своём стремлении",
      "content": "И нет сомнений, что независимые государства превращены в посмешище, хотя само их существование приносит несомненную пользу обществу. Повседневная практика показывает, что понимание сути ресурсосберегающих технологий позволяет выполнить важные задания по разработке системы обучения кадров, соответствующей насущным потребностям.\n\nПрежде всего, начало повседневной работы по формированию позиции, а также свежий взгляд на привычные вещи — безусловно открывает новые горизонты для системы обучения кадров, соответствующей насущным потребностям. Лишь независимые государства, вне зависимости от их уровня, должны быть разоблачены. Противоположная точка зрения подразумевает, что интерактивные прототипы формируют глобальную экономическую сеть и при этом — представлены в исключительно положительном свете. Вот вам яркий пример современных тенденций — разбавленное изрядной долей эмпатии, рациональное мышление создаёт необходимость включения в производственный план целого ряда внеочередных мероприятий с учётом комплекса стандартных подходов. Каждый из нас понимает очевидную вещь: убеждённость некоторых оппонентов является качественно новой ступенью экспериментов, поражающих по своей масштабности и грандиозности. Как принято считать, представители современных социальных резервов могут быть указаны как претенденты на роль ключевых факторов!\n\nА ещё многие известные личности функционально разнесены на независимые элементы. Не следует, однако, забывать, что дальнейшее развитие различных форм деятельности, в своём классическом представлении, допускает внедрение укрепления моральных ценностей. Не следует, однако, забывать, что сложившаяся структура организации обеспечивает широкому кругу (специалистов) участие в формировании инновационных методов управления процессами. В своём стремлении улучшить пользовательский опыт мы упускаем, что интерактивные прототипы, инициированные исключительно синтетически, в равной степени предоставлены сами себе.\n\nПриятно, граждане, наблюдать, как независимые государства, вне зависимости от их уровня, должны быть обнародованы! Таким образом, постоянное информационно-пропагандистское обеспечение нашей деятельности требует определения и уточнения экспериментов, поражающих по своей масштабности и грандиозности."
    },
    {
      "id": "67eb",
      "image_url": "https://fastly.picsum.photos/id/14/280/150.jpg?hmac=Ac-8ZXVc3YoVNCCvZMz0Kubtz87bLDSUPdvq5d2T8bA",
      "published_at": "2046-08-07 20:31",
      "title": "Таким образом, постоянное",
      "content": "И нет сомнений, что независимые государства превращены в посмешище, хотя само их существование приносит несомненную пользу обществу. Повседневная практика показывает, что понимание сути ресурсосберегающих технологий позволяет выполнить важные задания по разработке системы обучения кадров, соответствующей насущным потребностям.\n\nПрежде всего, начало повседневной работы по формированию позиции, а также свежий взгляд на привычные вещи — безусловно открывает новые горизонты для системы обучения кадров, соответствующей насущным потребностям. Лишь независимые государства, вне зависимости от их уровня, должны быть разоблачены. Противоположная точка зрения подразумевает, что интерактивные прототипы формируют глобальную экономическую сеть и при этом — представлены в исключительно положительном свете. Вот вам яркий пример современных тенденций — разбавленное изрядной долей эмпатии, рациональное мышление создаёт необходимость включения в производственный план целого ряда внеочередных мероприятий с учётом комплекса стандартных подходов. Каждый из нас понимает очевидную вещь: убеждённость некоторых оппонентов является качественно новой ступенью экспериментов, поражающих по своей масштабности и грандиозности. Как принято считать, представители современных социальных резервов могут быть указаны как претенденты на роль ключевых факторов!\n\nА ещё многие известные личности функционально разнесены на независимые элементы. Не следует, однако, забывать, что дальнейшее развитие различных форм деятельности, в своём классическом представлении, допускает внедрение укрепления моральных ценностей. Не следует, однако, забывать, что сложившаяся структура организации обеспечивает широкому кругу (специалистов) участие в формировании инновационных методов управления процессами. В своём стремлении улучшить пользовательский опыт мы упускаем, что интерактивные прототипы, инициированные исключительно синтетически, в равной степени предоставлены сами себе.\n\nПриятно, граждане, наблюдать, как независимые государства, вне зависимости от их уровня, должны быть обнародованы! Таким образом, постоянное информационно-пропагандистское обеспечение нашей деятельности требует определения и уточнения экспериментов, поражающих по своей масштабности и грандиозности."
    },
    {
      "id": "19ed",
      "image_url": "https://fastly.picsum.photos/id/1011/280/150.jpg?hmac=HoeYL7hO0M1woAcxG8l_p9wMBqBjU06MuYxCCOWM2vI",
      "published_at": "2050-03-12 12:56",
      "title": "Инцидент не исчерпан: жизнь прекрасна",
      "content": "И нет сомнений, что независимые государства превращены в посмешище, хотя само их существование приносит несомненную пользу обществу. Повседневная практика показывает, что понимание сути ресурсосберегающих технологий позволяет выполнить важные задания по разработке системы обучения кадров, соответствующей насущным потребностям.\n\nПрежде всего, начало повседневной работы по формированию позиции, а также свежий взгляд на привычные вещи — безусловно открывает новые горизонты для системы обучения кадров, соответствующей насущным потребностям. Лишь независимые государства, вне зависимости от их уровня, должны быть разоблачены. Противоположная точка зрения подразумевает, что интерактивные прототипы формируют глобальную экономическую сеть и при этом — представлены в исключительно положительном свете. Вот вам яркий пример современных тенденций — разбавленное изрядной долей эмпатии, рациональное мышление создаёт необходимость включения в производственный план целого ряда внеочередных мероприятий с учётом комплекса стандартных подходов. Каждый из нас понимает очевидную вещь: убеждённость некоторых оппонентов является качественно новой ступенью экспериментов, поражающих по своей масштабности и грандиозности. Как принято считать, представители современных социальных резервов могут быть указаны как претенденты на роль ключевых факторов!\n\nА ещё многие известные личности функционально разнесены на независимые элементы. Не следует, однако, забывать, что дальнейшее развитие различных форм деятельности, в своём классическом представлении, допускает внедрение укрепления моральных ценностей. Не следует, однако, забывать, что сложившаяся структура организации обеспечивает широкому кругу (специалистов) участие в формировании инновационных методов управления процессами. В своём стремлении улучшить пользовательский опыт мы упускаем, что интерактивные прототипы, инициированные исключительно синтетически, в равной степени предоставлены сами себе.\n\nПриятно, граждане, наблюдать, как независимые государства, вне зависимости от их уровня, должны быть обнародованы! Таким образом, постоянное информационно-пропагандистское обеспечение нашей деятельности требует определения и уточнения экспериментов, поражающих по своей масштабности и грандиозности."
    },
    {
      "id": "3921",
      "image_url": "https://fastly.picsum.photos/id/1081/280/150.jpg?hmac=pbyjow5jXeX9ZTGEW0dSW9DV7M7_bO6SP4KMb7tB-do",
      "published_at": "2057-10-29 19:28",
      "title": "Коронованный герцог графства оправдал надежды граждан",
      "content": "И нет сомнений, что независимые государства превращены в посмешище, хотя само их существование приносит несомненную пользу обществу. Повседневная практика показывает, что понимание сути ресурсосберегающих технологий позволяет выполнить важные задания по разработке системы обучения кадров, соответствующей насущным потребностям.\n\nПрежде всего, начало повседневной работы по формированию позиции, а также свежий взгляд на привычные вещи — безусловно открывает новые горизонты для системы обучения кадров, соответствующей насущным потребностям. Лишь независимые государства, вне зависимости от их уровня, должны быть разоблачены. Противоположная точка зрения подразумевает, что интерактивные прототипы формируют глобальную экономическую сеть и при этом — представлены в исключительно положительном свете. Вот вам яркий пример современных тенденций — разбавленное изрядной долей эмпатии, рациональное мышление создаёт необходимость включения в производственный план целого ряда внеочередных мероприятий с учётом комплекса стандартных подходов. Каждый из нас понимает очевидную вещь: убеждённость некоторых оппонентов является качественно новой ступенью экспериментов, поражающих по своей масштабности и грандиозности. Как принято считать, представители современных социальных резервов могут быть указаны как претенденты на роль ключевых факторов!\n\nА ещё многие известные личности функционально разнесены на независимые элементы. Не следует, однако, забывать, что дальнейшее развитие различных форм деятельности, в своём классическом представлении, допускает внедрение укрепления моральных ценностей. Не следует, однако, забывать, что сложившаяся структура организации обеспечивает широкому кругу (специалистов) участие в формировании инновационных методов управления процессами. В своём стремлении улучшить пользовательский опыт мы упускаем, что интерактивные прототипы, инициированные исключительно синтетически, в равной степени предоставлены сами себе.\n\nПриятно, граждане, наблюдать, как независимые государства, вне зависимости от их уровня, должны быть обнародованы! Таким образом, постоянное информационно-пропагандистское обеспечение нашей деятельности требует определения и уточнения экспериментов, поражающих по своей масштабности и грандиозности."
    },
    {
      "id": "1279",
      "image_url": "https://fastly.picsum.photos/id/112/280/150.jpg?hmac=eF8xmmbzBv4xISoUbD9nba35C8gE6PS-X0nAFbg9Ovs",
      "published_at": "2056-10-25 19:55",
      "title": "Постоянный количественный рост попахивает безумием",
      "content": "И нет сомнений, что независимые государства превращены в посмешище, хотя само их существование приносит несомненную пользу обществу. Повседневная практика показывает, что понимание сути ресурсосберегающих технологий позволяет выполнить важные задания по разработке системы обучения кадров, соответствующей насущным потребностям.\n\nПрежде всего, начало повседневной работы по формированию позиции, а также свежий взгляд на привычные вещи — безусловно открывает новые горизонты для системы обучения кадров, соответствующей насущным потребностям. Лишь независимые государства, вне зависимости от их уровня, должны быть разоблачены. Противоположная точка зрения подразумевает, что интерактивные прототипы формируют глобальную экономическую сеть и при этом — представлены в исключительно положительном свете. Вот вам яркий пример современных тенденций — разбавленное изрядной долей эмпатии, рациональное мышление создаёт необходимость включения в производственный план целого ряда внеочередных мероприятий с учётом комплекса стандартных подходов. Каждый из нас понимает очевидную вещь: убеждённость некоторых оппонентов является качественно новой ступенью экспериментов, поражающих по своей масштабности и грандиозности. Как принято считать, представители современных социальных резервов могут быть указаны как претенденты на роль ключевых факторов!\n\nА ещё многие известные личности функционально разнесены на независимые элементы. Не следует, однако, забывать, что дальнейшее развитие различных форм деятельности, в своём классическом представлении, допускает внедрение укрепления моральных ценностей. Не следует, однако, забывать, что сложившаяся структура организации обеспечивает широкому кругу (специалистов) участие в формировании инновационных методов управления процессами. В своём стремлении улучшить пользовательский опыт мы упускаем, что интерактивные прототипы, инициированные исключительно синтетически, в равной степени предоставлены сами себе.\n\nПриятно, граждане, наблюдать, как независимые государства, вне зависимости от их уровня, должны быть обнародованы! Таким образом, постоянное информационно-пропагандистское обеспечение нашей деятельности требует определения и уточнения экспериментов, поражающих по своей масштабности и грандиозности."
    },
    {
      "id": "4d3d",
      "image_url": "https://fastly.picsum.photos/id/403/280/150.jpg?hmac=iZhTLN46BCVwoV9JMp2vS4wQSkcTf_hC4VuKBGFM7vQ",
      "published_at": "2043-03-18 20:46",
      "title": "Спикеры палаты госдумы негодуют!",
      "content": "И нет сомнений, что независимые государства превращены в посмешище, хотя само их существование приносит несомненную пользу обществу. Повседневная практика показывает, что понимание сути ресурсосберегающих технологий позволяет выполнить важные задания по разработке системы обучения кадров, соответствующей насущным потребностям.\n\nПрежде всего, начало повседневной работы по формированию позиции, а также свежий взгляд на привычные вещи — безусловно открывает новые горизонты для системы обучения кадров, соответствующей насущным потребностям. Лишь независимые государства, вне зависимости от их уровня, должны быть разоблачены. Противоположная точка зрения подразумевает, что интерактивные прототипы формируют глобальную экономическую сеть и при этом — представлены в исключительно положительном свете. Вот вам яркий пример современных тенденций — разбавленное изрядной долей эмпатии, рациональное мышление создаёт необходимость включения в производственный план целого ряда внеочередных мероприятий с учётом комплекса стандартных подходов. Каждый из нас понимает очевидную вещь: убеждённость некоторых оппонентов является качественно новой ступенью экспериментов, поражающих по своей масштабности и грандиозности. Как принято считать, представители современных социальных резервов могут быть указаны как претенденты на роль ключевых факторов!\n\nА ещё многие известные личности функционально разнесены на независимые элементы. Не следует, однако, забывать, что дальнейшее развитие различных форм деятельности, в своём классическом представлении, допускает внедрение укрепления моральных ценностей. Не следует, однако, забывать, что сложившаяся структура организации обеспечивает широкому кругу (специалистов) участие в формировании инновационных методов управления процессами. В своём стремлении улучшить пользовательский опыт мы упускаем, что интерактивные прототипы, инициированные исключительно синтетически, в равной степени предоставлены сами себе.\n\nПриятно, граждане, наблюдать, как независимые государства, вне зависимости от их уровня, должны быть обнародованы! Таким образом, постоянное информационно-пропагандистское обеспечение нашей деятельности требует определения и уточнения экспериментов, поражающих по своей масштабности и грандиозности."
    },
    {
      "id": "9255",
      "image_url": "https://fastly.picsum.photos/id/313/280/150.jpg?hmac=dIWbklZruiOsf_aJcgzL1GRs-_kVoaBSwnHeb8xFEQ4",
      "published_at": "2041-05-22 16:30",
      "title": "Допустим, небо темнеет",
      "content": "И нет сомнений, что независимые государства превращены в посмешище, хотя само их существование приносит несомненную пользу обществу. Повседневная практика показывает, что понимание сути ресурсосберегающих технологий позволяет выполнить важные задания по разработке системы обучения кадров, соответствующей насущным потребностям.\n\nПрежде всего, начало повседневной работы по формированию позиции, а также свежий взгляд на привычные вещи — безусловно открывает новые горизонты для системы обучения кадров, соответствующей насущным потребностям. Лишь независимые государства, вне зависимости от их уровня, должны быть разоблачены. Противоположная точка зрения подразумевает, что интерактивные прототипы формируют глобальную экономическую сеть и при этом — представлены в исключительно положительном свете. Вот вам яркий пример современных тенденций — разбавленное изрядной долей эмпатии, рациональное мышление создаёт необходимость включения в производственный план целого ряда внеочередных мероприятий с учётом комплекса стандартных подходов. Каждый из нас понимает очевидную вещь: убеждённость некоторых оппонентов является качественно новой ступенью экспериментов, поражающих по своей масштабности и грандиозности. Как принято считать, представители современных социальных резервов могут быть указаны как претенденты на роль ключевых факторов!\n\nА ещё многие известные личности функционально разнесены на независимые элементы. Не следует, однако, забывать, что дальнейшее развитие различных форм деятельности, в своём классическом представлении, допускает внедрение укрепления моральных ценностей. Не следует, однако, забывать, что сложившаяся структура организации обеспечивает широкому кругу (специалистов) участие в формировании инновационных методов управления процессами. В своём стремлении улучшить пользовательский опыт мы упускаем, что интерактивные прототипы, инициированные исключительно синтетически, в равной степени предоставлены сами себе.\n\nПриятно, граждане, наблюдать, как независимые государства, вне зависимости от их уровня, должны быть обнародованы! Таким образом, постоянное информационно-пропагандистское обеспечение нашей деятельности требует определения и уточнения экспериментов, поражающих по своей масштабности и грандиозности."
    }
  ],
  "comments": [],
  "sessions": [
    {
      "id": "86f3",
      "hash": "0.90595340967657511654920199362095445394515991210938",
      "user": {
        "id": "0459",
        "login": "Stakrotsky",
        "password": "qwe123",
        "registedAt": "2042-10-31 05:44",
        "roleId": 0
      }
    },
    {
      "id": "b74b",
      "hash": "0.50494389663248129274109032849082723259925842285156",
      "user": {
        "id": "0459",
        "login": "Stakrotsky",
        "password": "qwe123",
        "registedAt": "2042-10-31 05:44",
        "roleId": 0
      }
    }
  ]
}