{
  "users": [
    {
      "id": "81cd",
      "login": "sta",
      "password": "qweqwe",
      "registed_at": "2036-09-08 20:22",
      "role_id": 0
    },
    {
      "id": "5c9e",
      "login": "sta1",
      "password": "qwe123",
      "registed_at": "2040-06-26 05:52",
      "role_id": 1
    }
  ],
  "roles": [
    {
      "id": "0",
      "name": "Администратор"
    },
    {
      "id": "1",
      "name": "Модератор"
    },
    {
      "id": "2",
      "name": "Читатель"
    },
    {
      "id": "3",
      "name": "Гость"
    }
  ],
  "posts": [
    {
      "id": "001",
      "title": "Значимость этих проблем настолько",
      "image_url": "https://fastly.picsum.photos/id/239/280/150.jpg?hmac=NN9fG9ZS7lBIMi70Foc5DU6O8M1n6-YJ2A-2LHUDAA0",
      "content": "Мы вынуждены отталкиваться от того, что консультация с широким активом предоставляет широкие возможности для экспериментов, поражающих по своей масштабности и грандиозности! И нет сомнений, что тщательные исследования конкурентов смешаны с не уникальными данными до степени совершенной неузнаваемости, из-за чего возрастает их статус бесполезности. Значимость этих проблем настолько очевидна, что перспективное планирование, а также свежий взгляд на привычные вещи — безусловно открывает новые горизонты для как самодостаточных, так и внешне зависимых концептуальных решений. Принимая во внимание показатели успешности, высокое качество позиционных исследований способствует подготовке и реализации глубокомысленных рассуждений. В своём стремлении повысить качество жизни, они забывают, что консультация с широким активом напрямую зависит от благоприятных перспектив. Учитывая ключевые сценарии поведения, сплочённость команды профессионалов способствует подготовке и реализации прогресса профессионального сообщества.<br>Высокий уровень вовлечения представителей целевой аудитории является четким доказательством простого факта: постоянный количественный рост и сфера нашей активности позволяет оценить значение системы обучения кадров, соответствующей насущным потребностям. Но высококачественный прототип будущего проекта создаёт предпосылки для существующих финансовых и административных условий.<br>Есть над чем задуматься: стремящиеся вытеснить традиционное производство, нанотехнологии неоднозначны и будут представлены в исключительно положительном свете. Являясь всего лишь частью общей картины, интерактивные прототипы являются только методом политического участия и ограничены исключительно образом мышления.<br>Разнообразный и богатый опыт говорит нам, что граница обучения кадров создаёт необходимость включения в производственный план целого ряда внеочередных мероприятий с учётом комплекса переосмысления внешнеэкономических политик. Являясь всего лишь частью общей картины, тщательные исследования конкурентов могут быть объективно рассмотрены соответствующими инстанциями. И нет сомнений, что непосредственные участники технического прогресса и по сей день остаются уделом либералов, которые жаждут быть разоблачены. Наше дело не так однозначно, как может показаться: сложившаяся структура организации является качественно новой ступенью поэтапного и последовательного развития общества. Значимость этих проблем настолько очевидна, что повышение уровня гражданского сознания однозначно определяет каждого участника как способного принимать собственные решения касаемо анализа существующих паттернов поведения. Высокий уровень вовлечения представителей целевой аудитории является четким доказательством простого факта: реализация намеченных плановых заданий не даёт нам иного выбора, кроме определения системы обучения кадров, соответствующей насущным потребностям.",
      "published_at": "2045-06-21"
    },
    {
      "id": "002",
      "title": "Мы вынуждены отталкиваться от того",
      "image_url": "https://fastly.picsum.photos/id/802/280/150.jpg?hmac=FDJhe0R17HaE2hi2NVT583FH5C-DyK_syEJ0_vIiqUs",
      "content": "Мы вынуждены отталкиваться от того, что консультация с широким активом предоставляет широкие возможности для экспериментов, поражающих по своей масштабности и грандиозности! И нет сомнений, что тщательные исследования конкурентов смешаны с не уникальными данными до степени совершенной неузнаваемости, из-за чего возрастает их статус бесполезности. Значимость этих проблем настолько очевидна, что перспективное планирование, а также свежий взгляд на привычные вещи — безусловно открывает новые горизонты для как самодостаточных, так и внешне зависимых концептуальных решений. Принимая во внимание показатели успешности, высокое качество позиционных исследований способствует подготовке и реализации глубокомысленных рассуждений. В своём стремлении повысить качество жизни, они забывают, что консультация с широким активом напрямую зависит от благоприятных перспектив. Учитывая ключевые сценарии поведения, сплочённость команды профессионалов способствует подготовке и реализации прогресса профессионального сообщества.<br>Высокий уровень вовлечения представителей целевой аудитории является четким доказательством простого факта: постоянный количественный рост и сфера нашей активности позволяет оценить значение системы обучения кадров, соответствующей насущным потребностям. Но высококачественный прототип будущего проекта создаёт предпосылки для существующих финансовых и административных условий.<br>Есть над чем задуматься: стремящиеся вытеснить традиционное производство, нанотехнологии неоднозначны и будут представлены в исключительно положительном свете. Являясь всего лишь частью общей картины, интерактивные прототипы являются только методом политического участия и ограничены исключительно образом мышления.<br>Разнообразный и богатый опыт говорит нам, что граница обучения кадров создаёт необходимость включения в производственный план целого ряда внеочередных мероприятий с учётом комплекса переосмысления внешнеэкономических политик. Являясь всего лишь частью общей картины, тщательные исследования конкурентов могут быть объективно рассмотрены соответствующими инстанциями. И нет сомнений, что непосредственные участники технического прогресса и по сей день остаются уделом либералов, которые жаждут быть разоблачены. Наше дело не так однозначно, как может показаться: сложившаяся структура организации является качественно новой ступенью поэтапного и последовательного развития общества. Значимость этих проблем настолько очевидна, что повышение уровня гражданского сознания однозначно определяет каждого участника как способного принимать собственные решения касаемо анализа существующих паттернов поведения. Высокий уровень вовлечения представителей целевой аудитории является четким доказательством простого факта: реализация намеченных плановых заданий не даёт нам иного выбора, кроме определения системы обучения кадров, соответствующей насущным потребностям.",
      "published_at": "2044-04-21"
    },
    {
      "id": "003",
      "title": "И нет сомнений, что тщательные исследования",
      "image_url": "https://fastly.picsum.photos/id/935/280/150.jpg?hmac=_iHq8kiX8aJ0D4MwFZfukvz8BDwow--OEgX2J5P1YvQ",
      "content": "Мы вынуждены отталкиваться от того, что консультация с широким активом предоставляет широкие возможности для экспериментов, поражающих по своей масштабности и грандиозности! И нет сомнений, что тщательные исследования конкурентов смешаны с не уникальными данными до степени совершенной неузнаваемости, из-за чего возрастает их статус бесполезности. Значимость этих проблем настолько очевидна, что перспективное планирование, а также свежий взгляд на привычные вещи — безусловно открывает новые горизонты для как самодостаточных, так и внешне зависимых концептуальных решений. Принимая во внимание показатели успешности, высокое качество позиционных исследований способствует подготовке и реализации глубокомысленных рассуждений. В своём стремлении повысить качество жизни, они забывают, что консультация с широким активом напрямую зависит от благоприятных перспектив. Учитывая ключевые сценарии поведения, сплочённость команды профессионалов способствует подготовке и реализации прогресса профессионального сообщества.<br>Высокий уровень вовлечения представителей целевой аудитории является четким доказательством простого факта: постоянный количественный рост и сфера нашей активности позволяет оценить значение системы обучения кадров, соответствующей насущным потребностям. Но высококачественный прототип будущего проекта создаёт предпосылки для существующих финансовых и административных условий.<br>Есть над чем задуматься: стремящиеся вытеснить традиционное производство, нанотехнологии неоднозначны и будут представлены в исключительно положительном свете. Являясь всего лишь частью общей картины, интерактивные прототипы являются только методом политического участия и ограничены исключительно образом мышления.<br>Разнообразный и богатый опыт говорит нам, что граница обучения кадров создаёт необходимость включения в производственный план целого ряда внеочередных мероприятий с учётом комплекса переосмысления внешнеэкономических политик. Являясь всего лишь частью общей картины, тщательные исследования конкурентов могут быть объективно рассмотрены соответствующими инстанциями. И нет сомнений, что непосредственные участники технического прогресса и по сей день остаются уделом либералов, которые жаждут быть разоблачены. Наше дело не так однозначно, как может показаться: сложившаяся структура организации является качественно новой ступенью поэтапного и последовательного развития общества. Значимость этих проблем настолько очевидна, что повышение уровня гражданского сознания однозначно определяет каждого участника как способного принимать собственные решения касаемо анализа существующих паттернов поведения. Высокий уровень вовлечения представителей целевой аудитории является четким доказательством простого факта: реализация намеченных плановых заданий не даёт нам иного выбора, кроме определения системы обучения кадров, соответствующей насущным потребностям.",
      "published_at": "2041-03-21"
    },
    {
      "id": "004",
      "title": "Принимая во внимание показатели успешности",
      "image_url": "https://fastly.picsum.photos/id/80/280/150.jpg?hmac=7ehG1LXEMjbyo2ww0Py8TNWEtxXAVQEH2o8pBoWNLkg",
      "content": "Мы вынуждены отталкиваться от того, что консультация с широким активом предоставляет широкие возможности для экспериментов, поражающих по своей масштабности и грандиозности! И нет сомнений, что тщательные исследования конкурентов смешаны с не уникальными данными до степени совершенной неузнаваемости, из-за чего возрастает их статус бесполезности. Значимость этих проблем настолько очевидна, что перспективное планирование, а также свежий взгляд на привычные вещи — безусловно открывает новые горизонты для как самодостаточных, так и внешне зависимых концептуальных решений. Принимая во внимание показатели успешности, высокое качество позиционных исследований способствует подготовке и реализации глубокомысленных рассуждений. В своём стремлении повысить качество жизни, они забывают, что консультация с широким активом напрямую зависит от благоприятных перспектив. Учитывая ключевые сценарии поведения, сплочённость команды профессионалов способствует подготовке и реализации прогресса профессионального сообщества.<br>Высокий уровень вовлечения представителей целевой аудитории является четким доказательством простого факта: постоянный количественный рост и сфера нашей активности позволяет оценить значение системы обучения кадров, соответствующей насущным потребностям. Но высококачественный прототип будущего проекта создаёт предпосылки для существующих финансовых и административных условий.<br>Есть над чем задуматься: стремящиеся вытеснить традиционное производство, нанотехнологии неоднозначны и будут представлены в исключительно положительном свете. Являясь всего лишь частью общей картины, интерактивные прототипы являются только методом политического участия и ограничены исключительно образом мышления.<br>Разнообразный и богатый опыт говорит нам, что граница обучения кадров создаёт необходимость включения в производственный план целого ряда внеочередных мероприятий с учётом комплекса переосмысления внешнеэкономических политик. Являясь всего лишь частью общей картины, тщательные исследования конкурентов могут быть объективно рассмотрены соответствующими инстанциями. И нет сомнений, что непосредственные участники технического прогресса и по сей день остаются уделом либералов, которые жаждут быть разоблачены. Наше дело не так однозначно, как может показаться: сложившаяся структура организации является качественно новой ступенью поэтапного и последовательного развития общества. Значимость этих проблем настолько очевидна, что повышение уровня гражданского сознания однозначно определяет каждого участника как способного принимать собственные решения касаемо анализа существующих паттернов поведения. Высокий уровень вовлечения представителей целевой аудитории является четким доказательством простого факта: реализация намеченных плановых заданий не даёт нам иного выбора, кроме определения системы обучения кадров, соответствующей насущным потребностям.",
      "published_at": "2033-06-21"
    },
    {
      "id": "005",
      "title": "В своём стремлении повысить качество жизни",
      "image_url": "https://fastly.picsum.photos/id/131/280/150.jpg?hmac=T8mqTMKYJTXODtC48QcdkDgIESSb_9G_lVb7dN8WoVE",
      "content": "Мы вынуждены отталкиваться от того, что консультация с широким активом предоставляет широкие возможности для экспериментов, поражающих по своей масштабности и грандиозности! И нет сомнений, что тщательные исследования конкурентов смешаны с не уникальными данными до степени совершенной неузнаваемости, из-за чего возрастает их статус бесполезности. Значимость этих проблем настолько очевидна, что перспективное планирование, а также свежий взгляд на привычные вещи — безусловно открывает новые горизонты для как самодостаточных, так и внешне зависимых концептуальных решений. Принимая во внимание показатели успешности, высокое качество позиционных исследований способствует подготовке и реализации глубокомысленных рассуждений. В своём стремлении повысить качество жизни, они забывают, что консультация с широким активом напрямую зависит от благоприятных перспектив. Учитывая ключевые сценарии поведения, сплочённость команды профессионалов способствует подготовке и реализации прогресса профессионального сообщества.<br>Высокий уровень вовлечения представителей целевой аудитории является четким доказательством простого факта: постоянный количественный рост и сфера нашей активности позволяет оценить значение системы обучения кадров, соответствующей насущным потребностям. Но высококачественный прототип будущего проекта создаёт предпосылки для существующих финансовых и административных условий.<br>Есть над чем задуматься: стремящиеся вытеснить традиционное производство, нанотехнологии неоднозначны и будут представлены в исключительно положительном свете. Являясь всего лишь частью общей картины, интерактивные прототипы являются только методом политического участия и ограничены исключительно образом мышления.<br>Разнообразный и богатый опыт говорит нам, что граница обучения кадров создаёт необходимость включения в производственный план целого ряда внеочередных мероприятий с учётом комплекса переосмысления внешнеэкономических политик. Являясь всего лишь частью общей картины, тщательные исследования конкурентов могут быть объективно рассмотрены соответствующими инстанциями. И нет сомнений, что непосредственные участники технического прогресса и по сей день остаются уделом либералов, которые жаждут быть разоблачены. Наше дело не так однозначно, как может показаться: сложившаяся структура организации является качественно новой ступенью поэтапного и последовательного развития общества. Значимость этих проблем настолько очевидна, что повышение уровня гражданского сознания однозначно определяет каждого участника как способного принимать собственные решения касаемо анализа существующих паттернов поведения. Высокий уровень вовлечения представителей целевой аудитории является четким доказательством простого факта: реализация намеченных плановых заданий не даёт нам иного выбора, кроме определения системы обучения кадров, соответствующей насущным потребностям.",
      "published_at": "2046-06-21"
    },
    {
      "id": "006",
      "title": "Высокий уровень вовлечения представителей",
      "image_url": "https://fastly.picsum.photos/id/613/280/150.jpg?hmac=SGdmh72V1RBkpeQRtSZsDUoS-iCIak5hRqlRewqWk8Y",
      "content": "Мы вынуждены отталкиваться от того, что консультация с широким активом предоставляет широкие возможности для экспериментов, поражающих по своей масштабности и грандиозности! И нет сомнений, что тщательные исследования конкурентов смешаны с не уникальными данными до степени совершенной неузнаваемости, из-за чего возрастает их статус бесполезности. Значимость этих проблем настолько очевидна, что перспективное планирование, а также свежий взгляд на привычные вещи — безусловно открывает новые горизонты для как самодостаточных, так и внешне зависимых концептуальных решений. Принимая во внимание показатели успешности, высокое качество позиционных исследований способствует подготовке и реализации глубокомысленных рассуждений. В своём стремлении повысить качество жизни, они забывают, что консультация с широким активом напрямую зависит от благоприятных перспектив. Учитывая ключевые сценарии поведения, сплочённость команды профессионалов способствует подготовке и реализации прогресса профессионального сообщества.<br>Высокий уровень вовлечения представителей целевой аудитории является четким доказательством простого факта: постоянный количественный рост и сфера нашей активности позволяет оценить значение системы обучения кадров, соответствующей насущным потребностям. Но высококачественный прототип будущего проекта создаёт предпосылки для существующих финансовых и административных условий.<br>Есть над чем задуматься: стремящиеся вытеснить традиционное производство, нанотехнологии неоднозначны и будут представлены в исключительно положительном свете. Являясь всего лишь частью общей картины, интерактивные прототипы являются только методом политического участия и ограничены исключительно образом мышления.<br>Разнообразный и богатый опыт говорит нам, что граница обучения кадров создаёт необходимость включения в производственный план целого ряда внеочередных мероприятий с учётом комплекса переосмысления внешнеэкономических политик. Являясь всего лишь частью общей картины, тщательные исследования конкурентов могут быть объективно рассмотрены соответствующими инстанциями. И нет сомнений, что непосредственные участники технического прогресса и по сей день остаются уделом либералов, которые жаждут быть разоблачены. Наше дело не так однозначно, как может показаться: сложившаяся структура организации является качественно новой ступенью поэтапного и последовательного развития общества. Значимость этих проблем настолько очевидна, что повышение уровня гражданского сознания однозначно определяет каждого участника как способного принимать собственные решения касаемо анализа существующих паттернов поведения. Высокий уровень вовлечения представителей целевой аудитории является четким доказательством простого факта: реализация намеченных плановых заданий не даёт нам иного выбора, кроме определения системы обучения кадров, соответствующей насущным потребностям.",
      "published_at": "2024-06-21"
    },
    {
      "id": "007",
      "title": "Но высококачественный прототип будущего проекта",
      "image_url": "https://fastly.picsum.photos/id/831/280/150.jpg?hmac=co2W-3kMicnjiRwmqbx6fMgSwC5fHn_3RgvG-tY7hiU",
      "content": "Мы вынуждены отталкиваться от того, что консультация с широким активом предоставляет широкие возможности для экспериментов, поражающих по своей масштабности и грандиозности! И нет сомнений, что тщательные исследования конкурентов смешаны с не уникальными данными до степени совершенной неузнаваемости, из-за чего возрастает их статус бесполезности. Значимость этих проблем настолько очевидна, что перспективное планирование, а также свежий взгляд на привычные вещи — безусловно открывает новые горизонты для как самодостаточных, так и внешне зависимых концептуальных решений. Принимая во внимание показатели успешности, высокое качество позиционных исследований способствует подготовке и реализации глубокомысленных рассуждений. В своём стремлении повысить качество жизни, они забывают, что консультация с широким активом напрямую зависит от благоприятных перспектив. Учитывая ключевые сценарии поведения, сплочённость команды профессионалов способствует подготовке и реализации прогресса профессионального сообщества.<br>Высокий уровень вовлечения представителей целевой аудитории является четким доказательством простого факта: постоянный количественный рост и сфера нашей активности позволяет оценить значение системы обучения кадров, соответствующей насущным потребностям. Но высококачественный прототип будущего проекта создаёт предпосылки для существующих финансовых и административных условий.<br>Есть над чем задуматься: стремящиеся вытеснить традиционное производство, нанотехнологии неоднозначны и будут представлены в исключительно положительном свете. Являясь всего лишь частью общей картины, интерактивные прототипы являются только методом политического участия и ограничены исключительно образом мышления.<br>Разнообразный и богатый опыт говорит нам, что граница обучения кадров создаёт необходимость включения в производственный план целого ряда внеочередных мероприятий с учётом комплекса переосмысления внешнеэкономических политик. Являясь всего лишь частью общей картины, тщательные исследования конкурентов могут быть объективно рассмотрены соответствующими инстанциями. И нет сомнений, что непосредственные участники технического прогресса и по сей день остаются уделом либералов, которые жаждут быть разоблачены. Наше дело не так однозначно, как может показаться: сложившаяся структура организации является качественно новой ступенью поэтапного и последовательного развития общества. Значимость этих проблем настолько очевидна, что повышение уровня гражданского сознания однозначно определяет каждого участника как способного принимать собственные решения касаемо анализа существующих паттернов поведения. Высокий уровень вовлечения представителей целевой аудитории является четким доказательством простого факта: реализация намеченных плановых заданий не даёт нам иного выбора, кроме определения системы обучения кадров, соответствующей насущным потребностям.",
      "published_at": "2057-01-21"
    },
    {
      "id": "008",
      "title": "Являясь всего лишь частью общей картины",
      "image_url": "https://fastly.picsum.photos/id/193/280/150.jpg?hmac=TfZFcHsottbKrHKV13Y7AEs3YPZuxkvrM7dtcbkrk8Y",
      "content": "Мы вынуждены отталкиваться от того, что консультация с широким активом предоставляет широкие возможности для экспериментов, поражающих по своей масштабности и грандиозности! И нет сомнений, что тщательные исследования конкурентов смешаны с не уникальными данными до степени совершенной неузнаваемости, из-за чего возрастает их статус бесполезности. Значимость этих проблем настолько очевидна, что перспективное планирование, а также свежий взгляд на привычные вещи — безусловно открывает новые горизонты для как самодостаточных, так и внешне зависимых концептуальных решений. Принимая во внимание показатели успешности, высокое качество позиционных исследований способствует подготовке и реализации глубокомысленных рассуждений. В своём стремлении повысить качество жизни, они забывают, что консультация с широким активом напрямую зависит от благоприятных перспектив. Учитывая ключевые сценарии поведения, сплочённость команды профессионалов способствует подготовке и реализации прогресса профессионального сообщества.<br>Высокий уровень вовлечения представителей целевой аудитории является четким доказательством простого факта: постоянный количественный рост и сфера нашей активности позволяет оценить значение системы обучения кадров, соответствующей насущным потребностям. Но высококачественный прототип будущего проекта создаёт предпосылки для существующих финансовых и административных условий.<br>Есть над чем задуматься: стремящиеся вытеснить традиционное производство, нанотехнологии неоднозначны и будут представлены в исключительно положительном свете. Являясь всего лишь частью общей картины, интерактивные прототипы являются только методом политического участия и ограничены исключительно образом мышления.<br>Разнообразный и богатый опыт говорит нам, что граница обучения кадров создаёт необходимость включения в производственный план целого ряда внеочередных мероприятий с учётом комплекса переосмысления внешнеэкономических политик. Являясь всего лишь частью общей картины, тщательные исследования конкурентов могут быть объективно рассмотрены соответствующими инстанциями. И нет сомнений, что непосредственные участники технического прогресса и по сей день остаются уделом либералов, которые жаждут быть разоблачены. Наше дело не так однозначно, как может показаться: сложившаяся структура организации является качественно новой ступенью поэтапного и последовательного развития общества. Значимость этих проблем настолько очевидна, что повышение уровня гражданского сознания однозначно определяет каждого участника как способного принимать собственные решения касаемо анализа существующих паттернов поведения. Высокий уровень вовлечения представителей целевой аудитории является четким доказательством простого факта: реализация намеченных плановых заданий не даёт нам иного выбора, кроме определения системы обучения кадров, соответствующей насущным потребностям.",
      "published_at": "2040-09-21"
    },
    {
      "id": "009",
      "title": "Высокий уровень вовлечения представителей целевой аудитории",
      "image_url": "https://fastly.picsum.photos/id/544/280/150.jpg?hmac=DP-C4myFAQrAqoh6rOuxrlze60tPFabN3kQ-zgvbYkw",
      "content": "Мы вынуждены отталкиваться от того, что консультация с широким активом предоставляет широкие возможности для экспериментов, поражающих по своей масштабности и грандиозности! И нет сомнений, что тщательные исследования конкурентов смешаны с не уникальными данными до степени совершенной неузнаваемости, из-за чего возрастает их статус бесполезности. Значимость этих проблем настолько очевидна, что перспективное планирование, а также свежий взгляд на привычные вещи — безусловно открывает новые горизонты для как самодостаточных, так и внешне зависимых концептуальных решений. Принимая во внимание показатели успешности, высокое качество позиционных исследований способствует подготовке и реализации глубокомысленных рассуждений. В своём стремлении повысить качество жизни, они забывают, что консультация с широким активом напрямую зависит от благоприятных перспектив. Учитывая ключевые сценарии поведения, сплочённость команды профессионалов способствует подготовке и реализации прогресса профессионального сообщества.<br>Высокий уровень вовлечения представителей целевой аудитории является четким доказательством простого факта: постоянный количественный рост и сфера нашей активности позволяет оценить значение системы обучения кадров, соответствующей насущным потребностям. Но высококачественный прототип будущего проекта создаёт предпосылки для существующих финансовых и административных условий.<br>Есть над чем задуматься: стремящиеся вытеснить традиционное производство, нанотехнологии неоднозначны и будут представлены в исключительно положительном свете. Являясь всего лишь частью общей картины, интерактивные прототипы являются только методом политического участия и ограничены исключительно образом мышления.<br>Разнообразный и богатый опыт говорит нам, что граница обучения кадров создаёт необходимость включения в производственный план целого ряда внеочередных мероприятий с учётом комплекса переосмысления внешнеэкономических политик. Являясь всего лишь частью общей картины, тщательные исследования конкурентов могут быть объективно рассмотрены соответствующими инстанциями. И нет сомнений, что непосредственные участники технического прогресса и по сей день остаются уделом либералов, которые жаждут быть разоблачены. Наше дело не так однозначно, как может показаться: сложившаяся структура организации является качественно новой ступенью поэтапного и последовательного развития общества. Значимость этих проблем настолько очевидна, что повышение уровня гражданского сознания однозначно определяет каждого участника как способного принимать собственные решения касаемо анализа существующих паттернов поведения. Высокий уровень вовлечения представителей целевой аудитории является четким доказательством простого факта: реализация намеченных плановых заданий не даёт нам иного выбора, кроме определения системы обучения кадров, соответствующей насущным потребностям.",
      "published_at": "2042-02-21"
    }
  ],
  "comments": [
    {
      "id": "8f41",
      "author_id": "5c9e",
      "post_id": "001",
      "published_at": "2057-05-13 21:07",
      "content": "1234"
    },
    {
      "id": "186d",
      "author_id": "5c9e",
      "post_id": "001",
      "published_at": "2039-08-18 01:08",
      "content": "Мой первый комментарий\n"
    },
    {
      "id": "eac4",
      "author_id": "5c9e",
      "post_id": "001",
      "published_at": "2061-08-14 12:57",
      "content": "123"
    },
    {
      "id": "d123",
      "author_id": "5c9e",
      "post_id": "001",
      "published_at": "2048-02-08 11:51",
      "content": "1234"
    },
    {
      "id": "7b20",
      "author_id": "5c9e",
      "post_id": "001",
      "published_at": "2053-10-21 06:31",
      "content": "12345"
    },
    {
      "id": "2606",
      "author_id": "5c9e",
      "post_id": "001",
      "published_at": "2048-05-27 06:29",
      "content": "12345"
    },
    {
      "id": "9411",
      "author_id": "5c9e",
      "post_id": "001",
      "published_at": "2061-07-17 05:29",
      "content": "123"
    },
    {
      "id": "2701",
      "author_id": "81cd",
      "post_id": "001",
      "published_at": "2038-11-24 17:09",
      "content": "1234"
    }
  ],
  "sessions": [
    {
      "id": "c1d3",
      "hash": "0.75625960523627977494243168621324002742767333984375",
      "user": {
        "id": "81cd",
        "login": "sta",
        "password": "qweqwe",
        "registedAt": "2036-09-08 20:22",
        "roleId": 0
      }
    }
  ]
}